ID,Hex,Color Name
0,#ffffff,white
1,#c7c7c7,silver
2,#898989,gray
3,#a1a1a1,darkgray
4,#b8b8b8,silver
5,#000000,black
6,#cfcfcf,lightgray
7,#737479,gray
8,#505155,darkslategray
9,#27272a,darkslategray
10,#494a4e,darkslategray
11,#f0f0f0,whitesmoke
12,#595a5e,dimgray
13,#dddddd,gainsboro
14,#19191b,black
15,#0f0f10,black
16,#eaeaea,lavender
17,#414246,darkslategray
18,#36373b,darkslategray
19,#2e2f32,darkslategray
20,#6c6d72,dimgray
21,#202022,black
22,#606165,dimgray
23,#b1b1b1,darkgray
24,#3a3b3f,darkslategray
25,#939393,lightslategray
26,#00000f,black
27,#5b5c68,dimgray
28,#1a1c32,midnightblue
29,#001dbb,mediumblue
30,#0001a4,darkblue
31,#00006e,navy
32,#14183d,midnightblue
33,#0627ba,mediumblue
34,#000035,black
35,#041f9c,darkblue
36,#000083,navy
37,#303029,darkslategray
38,#03187e,navy
39,#0523aa,darkblue
40,#03156d,midnightblue
41,#000d82,navy
42,#4d4f6f,darkslateblue
43,#fffffb,white
44,#4c1b10,maroon
45,#471d5d,indigo
46,#882706,saddlebrown
47,#ff4900,orangered
48,#00252c,black
49,#d23900,orangered
50,#e33e00,orangered
51,#2e1715,black
52,#f34500,orangered
53,#7f2430,brown
54,#010d56,midnightblue
55,#00033b,black
56,#401c43,darkslategray
57,#000025,black
58,#c73000,firebrick
59,#9b2d00,saddlebrown
60,#b73300,firebrick
61,#727386,slategray
62,#3c497a,darkslateblue
63,#531703,maroon
64,#293176,midnightblue
65,#3e1f1b,darkslategray
66,#052b7b,midnightblue
67,#360d00,black
68,#1a180b,black
69,#273975,midnightblue
70,#7c7f8e,slategray
71,#1d1d2c,black
72,#00002d,black
73,#000018,black
74,#000037,black
75,#00033c,black
76,#000031,black
77,#1c0837,midnightblue
78,#ab2400,firebrick
79,#00065c,navy
80,#383b5c,darkslategray
81,#731f00,maroon
82,#8f4e3c,sienna
83,#a25844,sienna
84,#734639,saddlebrown
85,#5d3327,saddlebrown
86,#bd6750,indianred
87,#e3967f,darksalmon
88,#c5836f,rosybrown
89,#453f4f,darkslategray
90,#470000,maroon
91,#713e30,saddlebrown
92,#e49881,darksalmon
93,#ea9c84,darksalmon
94,#69463b,darkolivegreen
95,#574a42,darkolivegreen
96,#debca9,tan
97,#feeadd,antiquewhite
98,#fff9f3,floralwhite
99,#a18b86,rosybrown
100,#0035a7,darkblue
101,#3c0000,black
102,#510000,maroon
103,#512c22,darkolivegreen
104,#4e342c,darkslategray
105,#40342f,darkslategray
106,#b09687,rosybrown
107,#ffd9c3,peachpuff
108,#fee2d2,blanchedalmond
109,#ffd6c0,peachpuff
110,#7b6a5f,dimgray
111,#fbceb8,peachpuff
112,#ffdcc6,bisque
113,#00258b,darkblue
114,#1c0000,black
115,#ab6f5d,indianred
116,#917b6f,gray
117,#ffd5bf,peachpuff
118,#c5a695,tan
119,#fef2e8,oldlace
120,#2b0000,black
121,#042269,midnightblue
122,#4d0000,maroon
123,#700b00,maroon
124,#f0b59f,burlywood
125,#78574c,dimgray
126,#063ca6,darkblue
127,#921100,darkred
128,#5c0600,maroon
129,#f6c2ac,lightpink
130,#85594b,sienna
131,#05318d,midnightblue
132,#7a0d00,maroon
133,#e9a58e,burlywood
134,#2b3871,midnightblue
135,#320000,black
136,#8b0f00,darkred
137,#d5a28e,tan
138,#a0462f,sienna
139,#d5866f,darksalmon
140,#8e1100,darkred
141,#840f00,maroon
142,#b15e48,sienna
143,#bd7d6a,indianred
144,#605674,dimgray
145,#cb7962,indianred
146,#9b6757,sienna
147,#782e1b,saddlebrown
148,#976d5f,gray
149,#031554,midnightblue
150,#a07f70,gray
151,#c09988,rosybrown
152,#724e5a,dimgray
153,#e1ccbf,lightgray
154,#240a2c,black
155,#622b28,saddlebrown
156,#b74125,brown
157,#8f6c5e,dimgray
158,#361028,black
159,#984933,sienna
160,#5d4c4c,dimgray
161,#56181e,maroon
162,#373f91,darkslateblue
163,#521a36,darkslategray
164,#c1634a,indianred
165,#475d61,darkslategray
166,#44216f,indigo
167,#4e3975,darkslateblue
168,#9b2f23,brown
169,#210318,black
170,#916264,dimgray
171,#644868,dimgray
172,#2e2e43,darkslategray
173,#9e694d,sienna
